Title,Price,Rating,Brand
"Samsung Galaxy M15 5G Prime Edition (Stone Grey,6GB RAM,128GB Storage)| Super AMOLED Display| 50MP Triple Cam| 6000mAh Battery| MediaTek Dimensity 6100+| 4 Gen. OS Upgrade & 5 Year Security Update",13499,3.9,Samsung
"Redmi A4 5G (Starry Black, 4GB RAM, 128GB Storage) | Global Debut SD 4s Gen 2 | Segment Largest 6.88in 120Hz | 50MP Dual Camera | 18W Fast Charging",9299,N/A,Redmi
"Samsung Galaxy M05 (Mint Green, 4GB RAM, 64 GB Storage) | 50MP Dual Camera | Bigger 6.7"" HD+ Display | 5000mAh Battery | 25W Fast Charging | 2 Gen OS Upgrade & 4 Year Security Update | Without Charger",6499,3.9,Samsung
"realme NARZO N61 (Voyage Blue,6GB RAM+128GB Storage) 90Hz Eye Comfort Display | IP54 Dust & Water Resistance | 48-Month Fluency | Charger in The Box",8498,4.0,realme
POCO C61 Mystical Green 4GB RAM 64GB ROM,5999,3.5,POCO
"Redmi A4 5G (Sparkle Purple, 4GB RAM, 64GB Storage) | Global Debut SD 4s Gen 2 | Segment Largest 6.88in 120Hz | 50MP Dual Camera | 18W Fast Charging",8498,N/A,Redmi
"OnePlus Nord CE 3 Lite 5G (Chromatic Gray, 8GB RAM, 128GB Storage)",15942,4.2,OnePlus
"Redmi 13C 5G (Starlight Black, 4GB RAM, 128GB Storage) | MediaTek Dimensity 6100+ 5G | 90Hz Display",9099,3.9,Redmi
"realme NARZO N61 (Marble Black, 4GB RAM+64GB Storage) 90Hz Eye Comfort Display | IP54 Dust & Water Resistance | 48-Month Fluency | Charger in The Box",7498,4.0,realme
"Redmi A4 5G (Sparkle Purple, 4GB RAM, 128GB Storage) | Global Debut SD 4s Gen 2 | Segment Largest 6.88in 120Hz | 50MP Dual Camera | 18W Fast Charging",9299,N/A,Redmi
"Lava O3 (Glossy Black, 4 GB RAM, 64 GB Storage) | Biggest 6.75"" HD+ Display | 13MP AI Dual Rear Camera | 5000 mAh Battery | Secure Face Unlock | Fingerprint Reader | Charger & Phone-Cover in Box",6099,3.8,Lava
Apple iPhone 13 (128GB) - Starlight,45490,4.5,Apple
"Samsung Galaxy M15 5G Prime Edition (Stone Grey,6GB RAM,128GB Storage)| Super AMOLED Display| 50MP Triple Cam| 6000mAh Battery| MediaTek Dimensity 6100+| 4 Gen. OS Upgrade & 5 Year Security Update",13499,3.9,Samsung
"POCO M6 5G, Orion Blue (4GB, 64GB)",7998,3.8,POCO
"POCO M6 Pro 5G (Power Black, 4GB RAM, 128GB Storage) | Snapdragon 4 Gen 2 | 6.79"" Large Screen with 90Hz Refresh Rate | 50 MP Dual AI Camera",10499,3.9,POCO
"Motorola G45 5G (Brilliant Blue, 8GB RAM, 128GB Storage)",13125,3.7,Motorola
"OnePlus Nord CE4 Lite 5G (Super Silver, 8GB RAM, 128GB Storage)",17999,4.1,OnePlus
"TECNO POP 9 (Glittery White, 3GB+64GB) |India's 1st Mediatek G50 | IP54 Rated | IR Remote | Dual Speaker with DTS | 36 Month Lag Free Fluency | 15W Fast Charging Support | 5000 mAh Battery",6499,4.4,TECNO
"Redmi 13 5G, Orchid Pink, 6GB+128GB | India Debut SD 4 Gen 2 AE | 108MP Pro Grade Camera | 6.79in Largest Display in Segment",12290,3.9,Redmi
"Oneplus Nord CE4 (Dark Chrome, 8GB RAM, 256GB Storage)",24999,4.2,Oneplus
"iPhone 16 128 GB: 5G Mobile Phone with Camera Control, A18 Chip and a Big Boost in Battery Life. Works with AirPods; Black",77400,4.4,iPhone
"Xifo HTC U20-5G (8GB/ 256GB) 5000 mAh Battery, Snapdragon 765G Smartphone (Green)",13899,1.0,Xifo
"Samsung Galaxy M15 5G Prime Edition (Stone Grey,6GB RAM,128GB Storage)| Super AMOLED Display| 50MP Triple Cam| 6000mAh Battery| MediaTek Dimensity 6100+| 4 Gen. OS Upgrade & 5 Year Security Update",13499,3.9,Samsung
"Lava O3 (Glossy Lavender, 4 GB RAM, 64 GB Storage) | Biggest 6.75"" HD+ Display | 13MP AI Dual Rear Camera | 5000 mAh Battery | Secure Face Unlock | Fingerprint Reader | Charger & Phone-Cover in Box",6099,3.8,Lava
"Redmi 13C 5G (Startrail Silver, 4GB RAM, 128GB Storage) | MediaTek Dimensity 6100+ 5G | 90Hz Display",9099,3.9,Redmi
"Redmi A4 5G (Starry Black, 4GB RAM, 64GB Storage) | Global Debut SD 4s Gen 2 | Segment Largest 6.88in 120Hz | 50MP Dual Camera | 18W Fast Charging",8498,N/A,Redmi
POCO C61 Ethereal Blue 4GB RAM 64GB ROM,5999,3.7,POCO
"POCO M6 5G (Polaris Green, 6GB RAM, 128GB Storage) | MediaTek Dimensity 6100+ 5G Processor | 5000 mAh Battery + 18W Fast Charging | 50 MP AI Dual-Camera System & Side Fingerprint Sensor",9998,4.1,POCO
"realme NARZO 70x 5G (Ice Blue, 6GB RAM,128GB Storage)|120Hz Ultra Smooth Display|Dimensity 6100+ 6nm 5G|50MP AI Camera|45W Charger in The Box",12998,4.1,realme
"iQOO Z7 Pro 5G (Blue Lagoon, 8GB RAM, 256GB Storage) | 3D Curved AMOLED Display | 4nm MediaTek Dimesity 7200 5G Processor | 64MP Aura Light OIS Camera | Segment's Slimmest & Lightest Smartphone",21999,4.3,iQOO
"POCO M6 5G (Galactic Black, 4GB RAM, 64GB Storage) | MediaTek Dimensity 6100+ 5G Processor | 5000 mAh Battery + 18W Fast Charging | 50 MP AI Dual-Camera System & Side Fingerprint Sensor",7998,3.6,POCO
"Lava O3 (Glossy Black, 4 GB RAM, 64 GB Storage) | Biggest 6.75"" HD+ Display | 13MP AI Dual Rear Camera | 5000 mAh Battery | Secure Face Unlock | Fingerprint Reader | Charger & Phone-Cover in Box",6099,3.8,Lava
"Redmi A4 5G (Sparkle Purple, 4GB RAM, 128GB Storage) | Global Debut SD 4s Gen 2 | Segment Largest 6.88in 120Hz | 50MP Dual Camera | 18W Fast Charging",9299,N/A,Redmi
Apple iPhone 13 (128GB) - Starlight,45490,4.5,Apple
"Redmi Note 13 5G (Chromatic Purple, 8GB RAM, 256GB Storage)",15499,3.7,Redmi
"Lava Yuva 3 (Eclipse Black, 4+4*GB + 128GB)|Segment's Most Affordable Smartphone with 128 GB (UFS 2.2) Storage | 90Hz Punch Hole Display|13MP AI Triple Camera|Side Fingerprint Sensor |Bloatware Free",6699,4.0,Lava
"realme 12+ 5G (Navigator Beige, 8GB RAM, 256GB Storage)",16588,3.8,realme
"realme NARZO N61 (Voyage Blue,4GB RAM+64GB Storage) 90Hz Eye Comfort Display | IP54 Dust & Water Resistance | 48-Month Fluency | Charger in The Box",7498,4.0,realme
"Redmi A4 5G (Starry Black, 4GB RAM, 128GB Storage) | Global Debut SD 4s Gen 2 | Segment Largest 6.88in 120Hz | 50MP Dual Camera | 18W Fast Charging",9299,N/A,Redmi
"Vivo T3 Lite 5G Smartphone (Vibrant Green, 4GB Ram 128GB Storage)",10294,3.6,Vivo
"realme NARZO 70x 5G (Ice Blue, 8GB RAM,128GB Storage)|120Hz Ultra Smooth Display|Dimensity 6100+ 6nm 5G|50MP AI Camera|45W Charger in The Box",13998,4.1,realme
"Samsung Galaxy A14 5G (Dark Red, 4GB, 128GB Storage) | Triple Rear Camera (50 MP Main) | Upto 8 GB RAM with RAM Plus | Without Charger",11899,3.9,Samsung
"Xifo HTC U20-5G (8GB/ 256GB) 5000 mAh Battery, Snapdragon 765G Smartphone (Green)",13899,1.0,Xifo
"iPhone 16 128 GB: 5G Mobile Phone with Camera Control, A18 Chip and a Big Boost in Battery Life. Works with AirPods; Black",77400,4.4,iPhone
"Samsung Galaxy M15 5G Prime Edition (Stone Grey,6GB RAM,128GB Storage)| Super AMOLED Display| 50MP Triple Cam| 6000mAh Battery| MediaTek Dimensity 6100+| 4 Gen. OS Upgrade & 5 Year Security Update",13499,3.9,Samsung
"Lava O3 (Glossy Black, 4 GB RAM, 64 GB Storage) | Biggest 6.75"" HD+ Display | 13MP AI Dual Rear Camera | 5000 mAh Battery | Secure Face Unlock | Fingerprint Reader | Charger & Phone-Cover in Box",6099,3.8,Lava
"iQOO Z9s 5G (Onyx Green, 8GB RAM, 128GB Storage) | 120 Hz 3D Curved AMOLED Display | 5500 mAh Ultra-Thin Battery | Dimesity 7300 5G Processor | Sony IMX882 OIS Camera with Aura Light",19999,4.3,iQOO
"Samsung Galaxy A14 5G (Dark Red, 4GB, 128GB Storage) | Triple Rear Camera (50 MP Main) | Upto 8 GB RAM with RAM Plus | Without Charger",11899,3.9,Samsung
"Samsung Galaxy S23 Ultra 5G AI Smartphone (Green, 12GB, 256GB Storage)",76999,4.5,Samsung
"TECNO POVA 6 NEO 5G (Midnight Shadow, 8GB+256GB) | Advanced AI Features | 108MP Ultra Clear AI Camera | D6300 Powerful Processor | 5 Year Lag Free Fluency | 5000 mAh Battery | InBuilt Infrared and NFC",13999,3.8,TECNO
"Vivo T3x 5G (Crimson Bliss, 128 GB) (6 GB RAM)",14360,3.9,Vivo
"POCO M6 5G (Polaris Green, 4GB RAM, 64GB Storage) | MediaTek Dimensity 6100+ 5G Processor | 5000 mAh Battery + 18W Fast Charging | 50 MP AI Dual-Camera System & Side Fingerprint Sensor",7998,3.4,POCO
"OnePlus Nord 4 5G (Mercurial Silver, 12GB RAM, 256GB Storage)",32999,4.2,OnePlus
"OnePlus 12R (Iron Gray, 16GB RAM, 256GB Storage)",39999,4.3,OnePlus
Apple iPhone 13 (128GB) - Starlight,45490,4.5,Apple
"Redmi Note 13 Pro+ (Fusion White, 8GB RAM, 256GB Storage) | World's First Mediatek 7200 Ultra 5G | 200MP Hi-Res Camera | 1.5K Curved AMOLED | 120W HyperCharge",27998,3.9,Redmi
"Redmi Note 13 5G (Stealth Black, 12GB RAM, 256GB Storage) | 5G Ready | 120Hz Bezel-Less AMOLED | 7.mm Slimmest Note Ever | 108MP Pro-Grade Camera",18998,3.7,Redmi
"realme 12x 5G (Twilight Purple, 8GB RAM, 128GB Storage) | Upto 16GB (8+8GB) Dynamic RAM | Dimensity 6100+ Processor | 50 MP AI Camera | 7.69 mm Ultra-Slim Trendy Watch Design | 45 W SUPERVOOC Charge",12899,4.1,realme
"Redmi A3X (Midnight Black, 3GB RAM, 64GB Storage) | Premium Halo Design | 90Hz Display | Powerful Octa Core Processor",6719,3.7,Redmi
"realme 12X 5G (Woodland Green, 8GB RAM, 128GB Storage)",12709,4.2,realme
Motorola G04s 4G (4GB RAM & 64GB Storage) (Satin Blue),7926,4.1,Motorola
"iQOO Z9 Lite 5G (Mocha Brown, 6GB RAM, 128GB Storage) | Dimensity 6300 5G | 50MP Sony AI Camera | Charger in The Box",11499,4.0,iQOO
"realme NARZO N65 5G (Deep Green 4GB RAM, 128GB Storage) India's 1st D6300 5G Chipset | Ultra Slim 190g Design | 120Hz Eye Comfort Display | 50MP AI Camera| Charger in The Box",11498,4.0,realme
"POCO X6 5G (Snowstorm White, 12 GB RAM 512 GB Storage)",19498,4.0,POCO
"Xifo HTC U20-5G (8GB/ 256GB) 5000 mAh Battery, Snapdragon 765G Smartphone (Green)",13899,1.0,Xifo
"Redmi Note 13 5G (Arctic White, 6GB RAM, 128GB Storage) | 5G Ready | 120Hz Bezel-Less AMOLED | 7.mm Slimmest Note Ever | 108MP Pro-Grade Camera",15998,3.7,Redmi
"Samsung Galaxy M15 5G Prime Edition (Stone Grey,6GB RAM,128GB Storage)| Super AMOLED Display| 50MP Triple Cam| 6000mAh Battery| MediaTek Dimensity 6100+| 4 Gen. OS Upgrade & 5 Year Security Update",13499,3.9,Samsung
"iPhone 16 128 GB: 5G Mobile Phone with Camera Control, A18 Chip and a Big Boost in Battery Life. Works with AirPods; Ultramarine",77400,4.4,iPhone
"realme NARZO N65 5G (Amber Gold 6GB RAM, 128GB Storage) India's 1st D6300 5G Chipset | Ultra Slim Design | 120Hz Eye Comfort Display | 50MP AI Camera| Charger in The Box",12498,4.0,realme
"POCO X6 5G (Snowstorm White, 12 GB RAM 512 GB Storage)",19498,4.0,POCO
"vivo Y18i (Gem Green, 4GB RAM, 64GB Storage) with No Cost EMI/Additional Exchange Offers |Without Charger",7999,3.8,vivo
"Vivo Y300 5G (Titanium Silver, 8GB RAM, 128GB Storage) with No Cost EMI/Additional Exchange Offers",21999,3.9,Vivo
"realme NARZO N65 5G (Deep Green 6GB RAM, 128GB Storage) India's 1st D6300 5G Chipset | Ultra Slim Design | 120Hz Eye Comfort Display | 50MP AI Camera| Charger in The Box",12498,4.0,realme
"Samsung Galaxy M53 5G (Deep Ocean Blue, 6GB, 128GB Storage) | 108MP | sAmoled+ 120Hz | 12GB RAM with RAM Plus | Without Charger",18999,4.0,Samsung
"itel Aura 05i (2GB RAM + 32GB ROM, Upto 4GB RAM with Memory Fusion | Type C Fast Charging | 6.6"" HD+ Display)- Meadow Green",5499,3.7,itel
"Motorola Edge 50 Fusion 5G (Marshmallow Blue, 12GB RAM, 256GB Storage)",25600,4.0,Motorola
Apple iPhone 13 (128GB) - Midnight,45490,4.5,Apple
"Redmi Note 13 Pro+ (Fusion White, 8GB RAM, 256GB Storage) | World's First Mediatek 7200 Ultra 5G | 200MP Hi-Res Camera | 1.5K Curved AMOLED | 120W HyperCharge",27998,3.9,Redmi
"Vivo V40 5G Smartphone (Lotus Purple, 8GB RAM, 256GB Storage)",34434,4.0,Vivo
"Redmi 13C 5G (Startrail Green, 4GB RAM, 128GB Storage) | MediaTek Dimensity 6100+ 5G | 90Hz Display",9099,3.9,Redmi
"realme P1 5G (Phonix Red, 6GB RAM, 128GB Storage)",14799,4.0,realme
"Samsung Galaxy M35 5G (Daybreak Blue,6GB RAM,128GB Storage)| Corning Gorilla Glass Victus+| AnTuTu Score 595K+ | Vapour Cooling Chamber | 6000mAh Battery | 120Hz Super AMOLED Display| Without Charger",N/A,4.1,Samsung
Motorola G04s 4G (4GB RAM & 64GB Storage) (Sunrise Orange),8176,4.5,Motorola
"Motorola Edge 50 Fusion 5G (Hot Pink, 12GB RAM, 256GB Storage)",25064,4.1,Motorola
POCO C61 Diamond Dust Black 4GB RAM 64GB ROM,5999,3.7,POCO
"realme NARZO 70 Turbo 5G (Turbo Purple,6GB RAM,128GB Storage) | Segment's Fastest Dimensity 7300 Energy 5G Chipset | Motorsports Inspired Design",16998,4.2,realme
"Redmi Note 13 5G (Arctic White, 6GB RAM, 128GB Storage) | 5G Ready | 120Hz Bezel-Less AMOLED | 7.mm Slimmest Note Ever | 108MP Pro-Grade Camera",15998,3.7,Redmi
"iPhone 16 128 Plus GB: 5G Mobile Phone with Camera Control, A18 Chip and a Big Boost in Battery Life. Works with AirPods; Ultrmarine",86900,4.1,iPhone
"Samsung Galaxy M15 5G Prime Edition (Stone Grey,6GB RAM,128GB Storage)| Super AMOLED Display| 50MP Triple Cam| 6000mAh Battery| MediaTek Dimensity 6100+| 4 Gen. OS Upgrade & 5 Year Security Update",13499,3.9,Samsung
"iPhone 16 128 GB: 5G Mobile Phone with Camera Control, A18 Chip and a Big Boost in Battery Life. Works with AirPods; Ultramarine",77400,4.4,iPhone
"iQOO Z9x 5G (Tornado Green, 6GB RAM, 128GB Storage) | Snapdragon 6 Gen 1 with 560k+ AnTuTu Score | 6000mAh Battery with 7.99mm Slim Design | 44W FlashCharge",13999,4.1,iQOO
"iQOO Z9 Lite 5G (Aqua Flow, 6GB RAM, 128GB Storage) | Dimensity 6300 5G | 50MP Sony AI Camera | Charger in The Box",11499,4.0,iQOO
"OnePlus Nord CE 2 Lite 5G (Blue Tide, 6GB RAM, 128GB Storage)",17385,4.3,OnePlus
"realme 12x 5G (Coral Red, 8GB RAM, 128GB Storage) | Upto 16GB (8+8GB) Dynamic RAM | Dimensity 6100+ Processor | 50 MP AI Camera | 7.69 mm Ultra-Slim Trendy Watch Design | 45 W SUPERVOOC Charge",12899,4.1,realme
"Vivo T3x 5G (Celestial Green, 128 GB) (6 GB RAM)",13895,4.0,Vivo
"realme NARZO 70 Turbo 5G (Turbo Yellow,12GB RAM,256GB Storage) | Segment's Fastest Dimensity 7300 Energy 5G Chipset | Motorsports Inspired Design",20998,4.2,realme
"Samsung Galaxy M14 4G (Sapphire Blue,4GB,64GB) | 50MP Triple Cam | 5000mAh Battery | Snapdragon 680 Processor | 2 Gen. OS Upgrade & 4 Year Security Update | 8GB RAM with RAM Plus | Without Charger",8599,3.9,Samsung
"Samsung Galaxy M35 5G (Daybreak Blue,8GB RAM,256GB Storage)| Corning Gorilla Glass Victus+| AnTuTu Score 595K+ | Vapour Cooling Chamber | 6000mAh Battery | 120Hz Super AMOLED Display| Without Charger",19499,4.1,Samsung
Apple iPhone 13 (128GB) - Midnight,45490,4.5,Apple
"Redmi Note 13 5G (Arctic White, 6GB RAM, 128GB Storage) | 5G Ready | 120Hz Bezel-Less AMOLED | 7.mm Slimmest Note Ever | 108MP Pro-Grade Camera",15998,3.7,Redmi
"Samsung Galaxy M15 5G Prime Edition (Blue Topaz,6GB RAM,128GB Storage) | Super AMOLED Display| 50MP Triple Cam| 6000mAh Battery| MediaTek Dimensity 6100+ | 4 Gen. OS Upgrade & 5 Year Security Update",13499,3.9,Samsung
"POCO X6 5G (Mirror Black, 12 GB RAM 512 GB Storage)",19498,4.0,POCO
"iQOO Z9x 5G (Storm Grey, 6GB RAM, 128GB Storage) | Snapdragon 6 Gen 1 with 560k+ AnTuTu Score | 6000mAh Battery with 7.99mm Slim Design | 44W FlashCharge",13999,4.1,iQOO
"Vivo T3X 5G (Crimson Bliss, 4GB Ram, 128GB Storage)",12439,4.1,Vivo
"Redmi 13 5G, Orchid Pink, 8GB+128GB | India Debut SD 4 Gen 2 AE | 108MP Pro Grade Camera | 6.79in Largest Display in Segment",14498,3.9,Redmi
"Vivo T3 5G (Cosmic Blue, 128 GB) (8 GB RAM)",18499,4.1,Vivo
"Samsung Galaxy M35 5G (Moonlight Blue,8GB RAM,256GB Storage)| Corning Gorilla Glass Victus+| AnTuTu Score 595K+ | Vapour Cooling Chamber | 6000mAh Battery | 120Hz Super AMOLED Display| Without Charger",19499,4.1,Samsung
"Redmi 13 5G, Black Diamond, 6GB+128GB | India Debut SD 4 Gen 2 AE | 108MP Pro Grade Camera | 6.79in Largest Display in Segment",12998,3.9,Redmi
"Redmi Note 13 Pro+ (Fusion White, 8GB RAM, 256GB Storage) | World's First Mediatek 7200 Ultra 5G | 200MP Hi-Res Camera | 1.5K Curved AMOLED | 120W HyperCharge",27998,3.9,Redmi
"Xifo HTC U20-5G (8GB/ 256GB) 5000 mAh Battery, Snapdragon 765G Smartphone (Green)",13899,1.0,Xifo
"Samsung Galaxy M15 5G Prime Edition (Stone Grey,6GB RAM,128GB Storage)| Super AMOLED Display| 50MP Triple Cam| 6000mAh Battery| MediaTek Dimensity 6100+| 4 Gen. OS Upgrade & 5 Year Security Update",13499,3.9,Samsung
Apple iPhone 13 (128GB) - Starlight,45490,4.5,Apple
"OPPO A3X 4G (Nebula Red, 4GB RAM, 64GB Storage)| with No Cost EMI/Additional Exchange Offers",8999,3.7,OPPO
"Samsung Galaxy S24 Ultra 5G AI Smartphone (Titanium Black, 12GB, 512GB Storage)",131999,4.4,Samsung
"Redmi A3X (Midnight Black, 64 GB) (4 GB RAM)",6850,N/A,Redmi
"POCO X6 5G (Mirror Black, 12 GB RAM 256 GB Storage)",18498,4.0,POCO
"Vivo V40e 5G AI Smartphone (Royal Bronze, 8GB RAM + 128GB Storge)",26880,4.3,Vivo
"realme P1 Pro 5G (Parrot Blue, 8GB RAM, 256GB Storage) | Up to 16 GB Dynamic RAM | Snapdragon 6 Gen 1 Processor | 6.7"" Curved AMOLED Display | 50MP + 8MP | 16MP Front Camera | IP65 Water Resistance",18699,4.0,realme
"iQOO Z9 Lite 5G (Mocha Brown, 4GB RAM, 128GB Storage) | Dimensity 6300 5G | 50MP Sony AI Camera | Charger in The Box",10499,4.0,iQOO
"realme NARZO 70 5G (Forest Green,8GB RAM, 128GB Storage | Dimensity 7050 5G Chipset | 120Hz AMOLED Display | 50MP Primary Camera | 45W Charger in The Box",13998,4.1,realme
"Lava O3 (Glossy Lavender, 4 GB RAM, 64 GB Storage) | Biggest 6.75"" HD+ Display | 13MP AI Dual Rear Camera | 5000 mAh Battery | Secure Face Unlock | Fingerprint Reader | Charger & Phone-Cover in Box",6099,3.8,Lava
"Redmi Note 13 Pro+ (Fusion White, 8GB RAM, 256GB Storage) | World's First Mediatek 7200 Ultra 5G | 200MP Hi-Res Camera | 1.5K Curved AMOLED | 120W HyperCharge",27998,3.9,Redmi
Samsung Galaxy S23 FE 5G (Graphite 128 GB Storage) (8 GB RAM),32399,3.7,Samsung
"Samsung Galaxy F05 (Twilight Blue, 64 GB) (4 GB RAM)",7147,3.3,Samsung
"Samsung Galaxy M14 4G (Arctic Blue,4GB,64GB) | 50MP Triple Cam | 5000mAh Battery | Snapdragon 680 Processor | 2 Gen. OS Upgrade & 4 Year Security Update | 8GB RAM with RAM Plus | Without Charger",8427,3.9,Samsung
"Samsung Galaxy A55 5G (Awesome Navy, 8GB RAM, 256GB Storage) | Metal Frame | 50 MP Main Camera (OIS) | Nightography | IP67 | Corning Gorilla Glass Victus+ | sAMOLED with Vision Booster",40989,4.1,Samsung
"POCO X6 Neo 5G (Horizon Blue, 8GB RAM, 128GB Storage) | Dimensity 6080 Processor | 5000 mAh Battery + 33W Fast Charging | 108MP + 2MP Rear Camera & 16MP Front Camera",12999,3.8,POCO
"Samsung Galaxy F55 5G (Raisin Black, 256 GB) (8 GB RAM)",22168,3.9,Samsung
"Redmi 13C 5G (Startrail Green,6GB RAM, 128GB Storage) | MediaTek Dimensity 6100+ 5G | 90Hz Display",11498,3.9,Redmi
"Samsung Galaxy A14 5G (Black, 4GB, 128GB Storage) | Triple Rear Camera (50 MP Main) | Upto 8 GB RAM with RAM Plus | Without Charger",12990,3.9,Samsung
"Redmi A4 5G (Sparkle Purple, 4GB RAM, 64GB Storage) | Global Debut SD 4s Gen 2 | Segment Largest 6.88in 120Hz | 50MP Dual Camera | 18W Fast Charging",8498,N/A,Redmi
"Xifo HTC U20-5G (8GB/ 256GB) 5000 mAh Battery, Snapdragon 765G Smartphone (Green)",13899,1.0,Xifo
"Samsung Galaxy M15 5G Prime Edition (Stone Grey,6GB RAM,128GB Storage)| Super AMOLED Display| 50MP Triple Cam| 6000mAh Battery| MediaTek Dimensity 6100+| 4 Gen. OS Upgrade & 5 Year Security Update",13499,3.9,Samsung
Apple iPhone 13 (128GB) - Starlight,45490,4.5,Apple
"Samsung Galaxy A14 5G (Black, 4GB, 128GB Storage) | Triple Rear Camera (50 MP Main) | Upto 8 GB RAM with RAM Plus | Without Charger",12990,3.9,Samsung
"Samsung Galaxy S24 5G AI Smartphone (Marble Gray, 8GB, 128GB Storage)",56499,4.0,Samsung
"OnePlus Nord CE4 Lite 5G (Ultra Orange, 8GB RAM, 256GB Storage)",20999,4.1,OnePlus
"POCO X6 Neo 5G (Martian Orange, 8GB RAM, 128GB Storage) | Dimensity 6080 Processor | 5000 mAh Battery + 33W Fast Charging | 108MP + 2MP Rear Camera & 16MP Front Camera",12999,3.8,POCO
"OnePlus Nord CE 3 Lite 5G (Pastel Lime, 8GB RAM, 128GB Storage)",15688,4.2,OnePlus
"Lava Blaze 5G (Glass Green, 6GB RAM, UFS 2.2 128GB Storage)| Segment's Most Affordable 5G Smartphone| Ultrafast Mediatek D700 | 50MP AI Triple Camera | 5000 mAh | 6.5"" HD+ 90 Hz Display | Clean UI",9299,4.0,Lava
"OnePlus Nord CE 3 Lite 5G (Pastel Lime, 8GB RAM, 256GB Storage)",18843,4.2,OnePlus
"Samsung Galaxy S23 Ultra 5G AI Smartphone (Phantom Black, 12GB, 256GB Storage)",76999,4.5,Samsung
"Redmi Note 13 Pro+ (Fusion White, 8GB RAM, 256GB Storage) | World's First Mediatek 7200 Ultra 5G | 200MP Hi-Res Camera | 1.5K Curved AMOLED | 120W HyperCharge",27998,3.9,Redmi
"Redmi Note 13 5G (Arctic White, 6GB RAM, 128GB Storage) | 5G Ready | 120Hz Bezel-Less AMOLED | 7.mm Slimmest Note Ever | 108MP Pro-Grade Camera",15998,3.7,Redmi
"realme NARZO N65 5G (Amber Gold 8GB RAM, 128GB Storage) India's 1st D6300 5G Chipset | Ultra Slim Design | 120Hz Eye Comfort Display | 50MP AI Camera| Charger in The Box",13498,4.0,realme
"Samsung Galaxy S23 Ultra 5G AI Smartphone (Cream, 12GB, 256GB Storage)",76999,4.5,Samsung
"Samsung Galaxy M55s 5G (Thunder Black,8GB RAM,128GB Storage) | 50MP Triple Cam| 5000mAh Battery| Snapdragon 7 Gen 1 | 4 Gen. OS Upgrade & 5 Year Security Update| Super AMOLED+ Display| Without Charger",20999,3.6,Samsung
"OPPO A3X 4G (Ocean Blue, 4GB RAM, 128GB Storage) with No Cost EMI/Additional Exchange Offers",9999,N/A,OPPO
"Moto G85 5G (128, Cobalt Blue, New)",18619,4.1,Moto
"Vivo T3 Lite 5G Smartphone (Vibrant Green, 6GB Ram 128GB Storage)",11750,3.3,Vivo
"OPPO A3X 4G (Ocean Blue, 4GB RAM, 64GB Storage) | with No Cost EMI/Additional Exchange Offers",8999,4.3,OPPO
"Redmi A3X (Midnight Black, 4GB RAM, 128GB Storage) | Premium Halo Design | 90Hz Display | Powerful Octa Core Processor",7666,3.7,Redmi
"Xifo HTC U20-5G (8GB/ 256GB) 5000 mAh Battery, Snapdragon 765G Smartphone (Green)",13899,1.0,Xifo
"iPhone 16 128 GB: 5G Mobile Phone with Camera Control, A18 Chip and a Big Boost in Battery Life. Works with AirPods; Ultramarine",77400,4.4,iPhone
"Samsung Galaxy M15 5G Prime Edition (Stone Grey,6GB RAM,128GB Storage)| Super AMOLED Display| 50MP Triple Cam| 6000mAh Battery| MediaTek Dimensity 6100+| 4 Gen. OS Upgrade & 5 Year Security Update",13499,3.9,Samsung
"Redmi A4 5G (Sparkle Purple, 4GB RAM, 64GB Storage) | Global Debut SD 4s Gen 2 | Segment Largest 6.88in 120Hz | 50MP Dual Camera | 18W Fast Charging",8498,N/A,Redmi
"OPPO F27 Pro+ 5G (Midnight Navy, 8GB RAM, 256GB Storage) | 6.7"" FHD+ AMOLED Toughest 3D Curved Display|64MP AI Featured Camera|IP69 | 67W SUPERVOOC| with No Cost EMI/Additional Exchange Offers",29999,3.9,OPPO
"OnePlus 12R (Cool Blue, 16GB RAM, 256GB Storage)",39999,4.3,OnePlus
"Oneplus Nord CE4 (Dark Chrome, 8GB RAM, 128GB Storage)",22999,4.2,Oneplus
"Samsung Galaxy A55 5G (Awesome Navy, 12GB RAM, 256GB Storage) | Metal Frame | 50 MP Main Camera (OIS) | Nightography | IP67 | Corning Gorilla Glass Victus+ | sAMOLED with Vision Booster",43999,4.1,Samsung
"Nokia 2660 Flip 4G Volte keypad Phone with Dual SIM, Dual Screen, inbuilt MP3 Player & Wireless FM Radio | Black",4299,3.8,Nokia
"Lava Storm 5G (Thunder Black, 8GB RAM, 128GB ROM) | Powerful MediaTek Dimensity 6080 Processor | 50MP Ultrawide Rear+16MP Front Camera |No Bloatware | Segment's Most Affordable 5G Smartphone on Amazon",10999,4.0,Lava
"realme NARZO N61 (Marble Black,6GB RAM+128GB Storage) 90Hz Eye Comfort Display | IP54 Dust & Water Resistance | 48-Month Fluency | Charger in The Box",N/A,4.0,realme
"Vivo V40e 5G AI Smartphone (Royal Bronze, 8GB RAM + 256GB Storage)",28158.,3.7,Vivo
Apple iPhone 13 (128GB) - Starlight,45490,4.5,Apple
"Redmi Note 13 Pro+ (Fusion White, 8GB RAM, 256GB Storage) | World's First Mediatek 7200 Ultra 5G | 200MP Hi-Res Camera | 1.5K Curved AMOLED | 120W HyperCharge",27998,3.9,Redmi
"Samsung Galaxy A35 5G (Awesome Iceblue, 8GB RAM, 128GB Storage) | Premium Glass Back | 50 MP Main Camera (OIS) | Nightography | IP67 | Corning Gorilla Glass Victus+ | sAMOLED with Vision Booster",29499,3.8,Samsung
"TECNO POP 9 5G Aurora Cloud, 4GB+64GB| Segment's 1st 48MP Sony AI Camera| Segment's 1st 5G with NFC | D6300 5G Processor |4+ Year Lag Free Fluency |5000 mAh Battery |Dual Speaker |Without Charger",9499,4.0,TECNO
"realme NARZO 70x 5G (Forest Green, 8GB RAM,128GB Storage) | 120Hz Ultra Smooth Display | Dimensity 6100+ 6nm 5G | 50MP AI Camera | 45W Charger in The Box",13998,4.1,realme
SHIVANSH Super Mini Smartphone 4G Android 10.0-2000mAh 3inch Display Sized Small Mobile Phone (2GB RAM 16GB ROM)-Color Depend ON Stock,4490,3.3,SHIVANSH
"Redmi 13 5G, Black Diamond, 8GB+128GB | India Debut SD 4 Gen 2 AE | 108MP Pro Grade Camera | 6.79in Largest Display in Segment",14498,3.9,Redmi
"Samsung Galaxy F15 5G (Ash Black, 6GB RAM, 128 GB Storage)",13869,4.0,Samsung
"TECNO POP 9 5G Aurora Cloud, 4GB+128GB| Segment's 1st 48MP Sony AI Camera| Segment's 1st 5G with NFC | D6300 5G Processor | 4+ Year Lag Free Fluency |5000 mAh Battery |Dual Speaker |Without Charger",9999,4.0,TECNO
"Nothing Phone (2a) 5G (Black, 8GB RAM, 128GB Storage) | 6.7"" AMOLED Display | 50MP (OIS) + 50 MP | 32 MP Front | Mediatek Dimensity 7200 Pro Processor | Glyph Interface | 45 W Charging 100% in 59 mins",23149,4.3,Nothing
"Samsung Galaxy M05 (Mint Green, 4GB RAM, 64 GB Storage) | 50MP Dual Camera | Bigger 6.7"" HD+ Display | 5000mAh Battery | 25W Fast Charging | 2 Gen OS Upgrade & 4 Year Security Update | Without Charger",6499,3.9,Samsung
"Redmi Note 13 5G (Arctic White, 6GB RAM, 128GB Storage) | 5G Ready | 120Hz Bezel-Less AMOLED | 7.mm Slimmest Note Ever | 108MP Pro-Grade Camera",15998,3.7,Redmi
"Samsung Galaxy M15 5G Prime Edition (Stone Grey,6GB RAM,128GB Storage)| Super AMOLED Display| 50MP Triple Cam| 6000mAh Battery| MediaTek Dimensity 6100+| 4 Gen. OS Upgrade & 5 Year Security Update",13499,3.9,Samsung
"Lava O3 (Glossy Lavender, 4 GB RAM, 64 GB Storage) | Biggest 6.75"" HD+ Display | 13MP AI Dual Rear Camera | 5000 mAh Battery | Secure Face Unlock | Fingerprint Reader | Charger & Phone-Cover in Box",6099,3.8,Lava
"Lava Blaze 3 5G (Glass Gold, 6GB+128GB) | Segment's Fastest 5G Smartphone | Dimensity 6300 Processor | 90Hz Display | 50MP+2MP AI Camera with Vibe Light | 5000 mAh | Special Discount on All Banks",10999,4.1,Lava
"Nothing Phone (2a) 5G (Black, 8GB RAM, 128GB Storage) | 6.7"" AMOLED Display | 50MP (OIS) + 50 MP | 32 MP Front | Mediatek Dimensity 7200 Pro Processor | Glyph Interface | 45 W Charging 100% in 59 mins",23149,4.3,Nothing
"Samsung Galaxy S24 Ultra 5G AI Smartphone (Titanium Black, 12GB, 256GB Storage)_Without Offer",97390,4.1,Samsung
"Samsung Galaxy F15 5G (Ash Black, 6GB RAM, 128 GB Storage)",13869,4.0,Samsung
POCO M6 Plus 5G Graphite Black 8GB RAM 128GB ROM,12499,4.1,POCO
"realme GT 6T 5G (Fluid Silver,8GB RAM+128GB Storage) | India's 1st 7+ Gen 3 Flagship Chipset | 1.5M+AnTuTu Score | 5500mAh+120W | The World's Brightest Flagship Display",30998,4.3,realme
"Redmi A3X (Ocean Green, 4GB RAM, 128GB Storage) | Premium Halo Design | 90Hz Display | Powerful Octa Core Processor",7999,3.7,Redmi
"Nothing Phone (2a) Plus (Grey, 8GB RAM, 256GB Storage) | Up to 16GB RAM | Dimensity 7350 Pro 5G Processor | 50MP + 50MP | 50MP Front Camera | 6.7"" AMOLED Display | 56 Minutes Charge of 100%",25997,3.9,Nothing
"Redmi A4 5G (Sparkle Purple, 4GB RAM, 128GB Storage) | Global Debut SD 4s Gen 2 | Segment Largest 6.88in 120Hz | 50MP Dual Camera | 18W Fast Charging",9299,N/A,Redmi
Apple iPhone 13 (128GB) - Starlight,45490,4.5,Apple
"Redmi A3X (Olive Green, 3GB RAM, 64GB Storage) | Premium Halo Design | 90Hz Display | Powerful Octa Core Processor",6785,3.7,Redmi
"Redmi Note 13 5G (Arctic White, 6GB RAM, 128GB Storage) | 5G Ready | 120Hz Bezel-Less AMOLED | 7.mm Slimmest Note Ever | 108MP Pro-Grade Camera",15998,3.7,Redmi
"Vivo V30e 5G Smartphone (Velvet Red, 8GB RAM, 128GB Storage)",22998,4.3,Vivo
"realme 13 5G (Speed Green, 8GB RAM, 256GB Storage) | Expandable Upto 2TB | Up to 18GB Dynamic RAM | 50MP AI Dual Camera | 6.72"" AMOLED Display | 45W Ultra Charging | Dimensity 6300 Processor",17195,4.1,realme
"iQOO Z9 Lite 5G (Aqua Flow, 4GB RAM, 128GB Storage) | Dimensity 6300 5G | 50MP Sony AI Camera | Charger in The Box",10499,4.0,iQOO
"realme NARZO 70 Turbo 5G (Turbo Yellow, 8GB RAM, 128GB Storage) | Segment's Fastest Dimensity 7300 Energy 5G Chipset | Motorsports Inspired Design",17998,4.2,realme
"realme GT 6T 5G (Fluid Silver,8GB RAM+256GB Storage) | India's 1st 7+ Gen 3 Flagship Chipset | 1.5M + AnTuTu Score | 5500mAh+120W | The World's Brightest Flagship Display",32998,4.3,realme
"vivo Y28s 5G (Twinkling Purple, 4GB RAM, 128GB Storage) with No Cost EMI/Additional Exchange Offers",13499,3.8,vivo
"Redmi Note 13 5G (Arctic White, 6GB RAM, 128GB Storage) | 5G Ready | 120Hz Bezel-Less AMOLED | 7.mm Slimmest Note Ever | 108MP Pro-Grade Camera",15998,3.7,Redmi
"Xifo HTC U20-5G (8GB/ 256GB) 5000 mAh Battery, Snapdragon 765G Smartphone (Green)",13899,1.0,Xifo
"Lava O3 (Glossy Black, 4 GB RAM, 64 GB Storage) | Biggest 6.75"" HD+ Display | 13MP AI Dual Rear Camera | 5000 mAh Battery | Secure Face Unlock | Fingerprint Reader | Charger & Phone-Cover in Box",6099,3.8,Lava
"Samsung Galaxy M15 5G Prime Edition (Stone Grey,6GB RAM,128GB Storage)| Super AMOLED Display| 50MP Triple Cam| 6000mAh Battery| MediaTek Dimensity 6100+| 4 Gen. OS Upgrade & 5 Year Security Update",13499,3.9,Samsung
